{
  "hash": "dd06ff1e",
  "browserHash": "e45bcbb7",
  "optimized": {
    "@angular/common": {
      "src": "../../../../../node_modules/@angular/common/fesm2022/common.mjs",
      "file": "@angular_common.js",
      "fileHash": "e59e19f7",
      "needsInterop": false
    },
    "@angular/core": {
      "src": "../../../../../node_modules/@angular/core/fesm2022/core.mjs",
      "file": "@angular_core.js",
      "fileHash": "43cc1557",
      "needsInterop": false
    },
    "@angular/platform-browser": {
      "src": "../../../../../node_modules/@angular/platform-browser/fesm2022/platform-browser.mjs",
      "file": "@angular_platform-browser.js",
      "fileHash": "9546d996",
      "needsInterop": false
    },
    "@angular/router": {
      "src": "../../../../../node_modules/@angular/router/fesm2022/router.mjs",
      "file": "@angular_router.js",
      "fileHash": "6229247a",
      "needsInterop": false
    }
  },
  "chunks": {
    "chunk-G5XEXFNA": {
      "file": "chunk-G5XEXFNA.js"
    },
    "chunk-UK6WXPCP": {
      "file": "chunk-UK6WXPCP.js"
    },
    "chunk-ZRBFGOIL": {
      "file": "chunk-ZRBFGOIL.js"
    }
  }
}