{
  "hash": "4888d9f9",
  "browserHash": "e5bab173",
  "optimized": {
    "@angular/common": {
      "src": "../../../../../node_modules/@angular/common/fesm2022/common.mjs",
      "file": "@angular_common.js",
      "fileHash": "582ee89d",
      "needsInterop": false
    },
    "@angular/core": {
      "src": "../../../../../node_modules/@angular/core/fesm2022/core.mjs",
      "file": "@angular_core.js",
      "fileHash": "a3813dee",
      "needsInterop": false
    },
    "@angular/platform-browser": {
      "src": "../../../../../node_modules/@angular/platform-browser/fesm2022/platform-browser.mjs",
      "file": "@angular_platform-browser.js",
      "fileHash": "2177c118",
      "needsInterop": false
    },
    "@angular/router": {
      "src": "../../../../../node_modules/@angular/router/fesm2022/router.mjs",
      "file": "@angular_router.js",
      "fileHash": "7c1b153d",
      "needsInterop": false
    }
  },
  "chunks": {
    "chunk-G5XEXFNA": {
      "file": "chunk-G5XEXFNA.js"
    },
    "chunk-UK6WXPCP": {
      "file": "chunk-UK6WXPCP.js"
    },
    "chunk-ZRBFGOIL": {
      "file": "chunk-ZRBFGOIL.js"
    }
  }
}